,coef,std err,t,P>|t|,[0.025,0.975]
adrg_RV1,-23.5502,0.487,-48.382,0,-24.504,-22.596
adrg_FB1,-21.3999,4.301,-4.976,0,-29.829,-12.971
adrg_FP1,-20.4368,0.796,-25.668,0,-21.997,-18.876
adrg_FM2,-20.2474,0.8,-25.303,0,-21.816,-18.679
adrg_BC1,-20.1408,2.359,-8.537,0,-24.765,-15.517
adrg_FN1,-19.9775,0.401,-49.773,0,-20.764,-19.191
adrg_CW1,-19.8615,1.439,-13.801,0,-22.682,-17.041
adrg_BL1,-19.7406,5.267,-3.748,0,-30.063,-9.418
adrg_FE2,-19.4805,7.447,-2.616,0.009,-34.076,-4.885
adrg_FC3,-19.3882,1.122,-17.287,0,-21.586,-17.19
adrg_FD3,-19.2845,1.995,-9.667,0,-23.194,-15.375
adrg_FN2,-19.2684,1.11,-17.365,0,-21.443,-17.094
adrg_BE1,-19.2475,0.554,-34.772,0,-20.332,-18.163
adrg_FE3,-19.2022,2.487,-7.721,0,-24.076,-14.328
adrg_BM1,-19.1338,0.783,-24.448,0,-20.668,-17.6
adrg_FC2,-19.093,2.363,-8.079,0,-23.725,-14.461
adrg_FM3,-19.0149,5.266,-3.611,0,-29.336,-8.693
adrg_CV1,-18.9516,1.022,-18.546,0,-20.954,-16.949
adrg_IR2,-18.9393,0.633,-29.901,0,-20.181,-17.698
adrg_IC1,-18.9221,0.265,-71.436,0,-19.441,-18.403
adrg_FL2,-18.9001,1.929,-9.8,0,-22.68,-15.12
adrg_JV5,-18.8077,5.266,-3.572,0,-29.129,-8.487
adrg_TS2,-18.7942,2.358,-7.97,0,-23.416,-14.172
adrg_FB3,-18.7925,0.833,-22.563,0,-20.425,-17.16
adrg_IC2,-18.7451,1.087,-17.242,0,-20.876,-16.614
adrg_FB4,-18.7031,4.302,-4.348,0,-27.134,-10.272
adrg_KC2,-18.6836,1.594,-11.722,0,-21.808,-15.56
adrg_CT1,-18.5302,3.042,-6.091,0,-24.492,-12.568
adrg_IB1,-18.4977,0.519,-35.642,0,-19.515,-17.481
adrg_TS1,-18.4851,5.265,-3.511,0,-28.805,-8.165
adrg_TR1,-18.4804,5.266,-3.509,0,-28.802,-8.159
adrg_RA1,-18.4793,0.808,-22.871,0,-20.063,-16.896
adrg_FL1,-18.3866,1.876,-9.803,0,-22.063,-14.71
adrg_RC1,-18.382,2.002,-9.181,0,-22.306,-14.458
adrg_BS2,-18.2733,0.894,-20.429,0,-20.027,-16.52
adrg_BX2,-18.249,0.432,-42.273,0,-19.095,-17.403
adrg_BS1,-18.1926,0.824,-22.086,0,-19.807,-16.578
adrg_FE1,-18.1568,0.731,-24.854,0,-19.589,-16.725
adrg_CB3,-18.0457,0.212,-85.148,0,-18.461,-17.63
adrg_BU3,-17.9835,1.994,-9.019,0,-21.892,-14.075
adrg_IB2,-17.9474,0.259,-69.19,0,-18.456,-17.439
adrg_IR4,-17.9456,1.866,-9.617,0,-21.603,-14.288
adrg_DB2,-17.928,2.817,-6.364,0,-23.45,-12.406
adrg_CR1,-17.8946,2.153,-8.311,0,-22.115,-13.675
adrg_IE1,-17.8041,0.869,-20.483,0,-19.508,-16.1
adrg_KE1,-17.7746,7.445,-2.387,0.017,-32.367,-3.182
adrg_IU2,-17.7611,0.383,-46.332,0,-18.512,-17.01
adrg_FM1,-17.7538,0.948,-18.732,0,-19.611,-15.896
adrg_FQ2,-17.6977,1.417,-12.492,0,-20.475,-14.921
adrg_BD1,-17.6931,0.777,-22.783,0,-19.215,-16.171
adrg_IR3,-17.6786,1.866,-9.475,0,-21.335,-14.022
adrg_CB4,-17.6587,0.347,-50.919,0,-18.338,-16.979
adrg_BX1,-17.6432,0.56,-31.482,0,-18.742,-16.545
adrg_GK1,-17.6209,3.334,-5.286,0,-24.155,-11.087
adrg_JA1,-17.6152,0.568,-30.993,0,-18.729,-16.501
adrg_RD1,-17.5996,2.359,-7.461,0,-22.223,-12.976
adrg_FB2,-17.5963,1.87,-9.409,0,-21.262,-13.931
adrg_FS3,-17.5627,3.332,-5.271,0,-24.093,-11.033
adrg_GK3,-17.4863,0.587,-29.78,0,-18.637,-16.335
adrg_BR1,-17.4577,0.269,-64.899,0,-17.985,-16.93
adrg_FQ1,-17.3881,0.4,-43.457,0,-18.172,-16.604
adrg_BE2,-17.3841,2.25,-7.727,0,-21.794,-12.975
adrg_FF1,-17.346,2.818,-6.155,0,-22.87,-11.822
adrg_IF2,-17.3385,0.208,-83.449,0,-17.746,-16.931
adrg_IR1,-17.2981,0.882,-19.611,0,-19.027,-15.569
adrg_FD2,-17.2892,1.268,-13.64,0,-19.774,-14.805
adrg_BU1,-17.2673,0.987,-17.49,0,-19.202,-15.332
adrg_GB1,-17.2611,0.244,-70.601,0,-17.74,-16.782
adrg_HK1,-17.248,1.497,-11.525,0,-20.181,-14.315
adrg_CB1,-17.2187,0.335,-51.368,0,-17.876,-16.562
adrg_FD1,-17.2028,4.301,-3.999,0,-25.633,-8.772
adrg_EC2,-17.1408,0.943,-18.183,0,-18.989,-15.293
adrg_KR1,-17.1131,3.042,-5.625,0,-23.076,-11.15
adrg_GC1,-17.0937,0.555,-30.8,0,-18.182,-16.006
adrg_BB1,-17.0794,0.488,-35.016,0,-18.035,-16.123
adrg_TT3,-16.9099,3.042,-5.559,0,-22.872,-10.948
adrg_GB2,-16.867,0.273,-61.771,0,-17.402,-16.332
adrg_ZC1,-16.8539,1.27,-13.267,0,-19.344,-14.364
adrg_GK2,-16.7785,0.52,-32.263,0,-17.798,-15.759
adrg_IC3,-16.7767,0.26,-64.479,0,-17.287,-16.267
adrg_BY1,-16.7406,0.244,-68.631,0,-17.219,-16.263
adrg_GS1,-16.7034,0.272,-61.447,0,-17.236,-16.171
adrg_BY2,-16.6589,0.359,-46.42,0,-17.362,-15.956
adrg_YC2,-16.6388,4.301,-3.868,0,-25.069,-8.209
adrg_BC2,-16.6347,1.56,-10.662,0,-19.693,-13.577
adrg_LG1,-16.5919,0.375,-44.278,0,-17.326,-15.857
adrg_LM1,-16.5665,1.529,-10.833,0,-19.564,-13.569
adrg_BB2,-16.509,0.26,-63.496,0,-17.019,-15.999
adrg_XR1,-16.4853,1.106,-14.901,0,-18.654,-14.317
adrg_IF1,-16.4293,0.231,-71.271,0,-16.881,-15.977
adrg_BR2,-16.4239,0.184,-89.404,0,-16.784,-16.064
adrg_JA2,-16.3852,1.218,-13.449,0,-18.773,-13.997
adrg_RU2,-16.3485,0.448,-36.518,0,-17.226,-15.471
adrg_IS2,-16.3186,0.805,-20.274,0,-17.896,-14.741
adrg_HD3,-16.2922,0.181,-90.197,0,-16.646,-15.938
adrg_GR1,-16.2815,0.266,-61.266,0,-16.802,-15.761
adrg_GT1,-16.2448,1.004,-16.184,0,-18.212,-14.277
adrg_KD1,-16.1938,0.528,-30.643,0,-17.23,-15.158
adrg_IS3,-16.1793,0.49,-32.993,0,-17.14,-15.218
adrg_HD4,-16.1316,0.988,-16.32,0,-18.069,-14.194
adrg_FR1,-16.1287,0.528,-30.57,0,-17.163,-15.095
adrg_ID2,-16.108,0.366,-44.034,0,-16.825,-15.391
adrg_FQ3,-16.1075,1.595,-10.102,0,-19.233,-12.982
adrg_CB2,-16.1043,0.993,-16.225,0,-18.05,-14.159
adrg_GE2,-16.0919,0.879,-18.312,0,-17.814,-14.37
adrg_IJ1,-16.0789,1.528,-10.521,0,-19.074,-13.083
adrg_CS1,-16.0612,0.853,-18.82,0,-17.734,-14.389
adrg_HR1,-16.0498,0.338,-47.459,0,-16.713,-15.387
adrg_KU1,-16.0364,3.725,-4.305,0,-23.337,-8.736
adrg_IU3,-15.9304,0.776,-20.537,0,-17.451,-14.41
adrg_BW2,-15.9111,1.266,-12.566,0,-18.393,-13.429
adrg_VD1,-15.879,0.545,-29.119,0,-16.948,-14.81
adrg_KD2,-15.852,1.305,-12.149,0,-18.409,-13.295
adrg_KC1,-15.8347,0.689,-22.992,0,-17.185,-14.485
adrg_HK2,-15.7956,0.309,-51.145,0,-16.401,-15.19
adrg_US2,-15.7912,7.445,-2.121,0.034,-30.383,-1.199
adrg_FD4,-15.7896,1.174,-13.444,0,-18.091,-13.488
adrg_OC1,-15.7806,0.405,-38.924,0,-16.575,-14.986
adrg_MK1,-15.7774,2.817,-5.6,0,-21.299,-10.256
adrg_NA2,-15.7302,0.589,-26.718,0,-16.884,-14.576
adrg_VJ1,-15.7231,0.229,-68.531,0,-16.173,-15.273
adrg_CX1,-15.7225,5.266,-2.986,0.003,-26.043,-5.402
adrg_BJ1,-15.6511,0.491,-31.906,0,-16.613,-14.69
adrg_OR1,-15.6462,0.227,-68.953,0,-16.091,-15.201
adrg_XJ1,-15.6279,0.341,-45.889,0,-16.295,-14.96
adrg_HZ3,-15.6271,1.215,-12.859,0,-18.009,-13.245
adrg_ZK1,-15.6259,5.269,-2.965,0.003,-25.953,-5.298
adrg_HJ1,-15.62,0.575,-27.165,0,-16.747,-14.493
adrg_EB1,-15.6128,0.275,-56.758,0,-16.152,-15.074
adrg_BZ1,-15.6068,0.595,-26.211,0,-16.774,-14.44
adrg_XZ1,-15.606,2.248,-6.941,0,-20.013,-11.199
adrg_HB1,-15.5896,0.648,-24.062,0,-16.859,-14.32
adrg_FF3,-15.5372,0.304,-51.116,0,-16.133,-14.941
adrg_LR1,-15.4665,0.229,-67.524,0,-15.915,-15.018
adrg_KZ1,-15.4625,0.615,-25.146,0,-16.668,-14.257
adrg_FE4,-15.4041,3.726,-4.134,0,-22.708,-8.1
adrg_IG1,-15.4006,0.257,-59.929,0,-15.904,-14.897
adrg_HS1,-15.3673,0.566,-27.168,0,-16.476,-14.259
adrg_VS2,-15.285,0.412,-37.077,0,-16.093,-14.477
adrg_GE1,-15.2734,0.333,-45.837,0,-15.926,-14.62
adrg_KS1,-15.2621,0.247,-61.7,0,-15.747,-14.777
adrg_TV1,-15.2085,1.248,-12.185,0,-17.655,-12.762
adrg_FN3,-15.2046,1.251,-12.156,0,-17.656,-12.753
adrg_NA1,-15.1555,0.716,-21.165,0,-16.559,-13.752
adrg_QC1,-15.0886,0.909,-16.598,0,-16.87,-13.307
adrg_OJ1,-15.0625,1.763,-8.543,0,-18.518,-11.607
adrg_CD2,-14.9917,0.293,-51.096,0,-15.567,-14.417
adrg_IH1,-14.9833,0.617,-24.282,0,-16.193,-13.774
adrg_FV2,-14.9502,1.083,-13.807,0,-17.072,-12.828
adrg_FU2,-14.9462,0.625,-23.905,0,-16.172,-13.721
adrg_GJ1,-14.9462,0.533,-28.028,0,-15.991,-13.901
adrg_IU1,-14.935,0.407,-36.671,0,-15.733,-14.137
adrg_HD2,-14.9188,0.615,-24.262,0,-16.124,-13.714
adrg_KJ1,-14.9145,1.811,-8.235,0,-18.464,-11.365
adrg_FK1,-14.9097,1.27,-11.735,0,-17.4,-12.42
adrg_RU1,-14.8042,0.219,-67.696,0,-15.233,-14.376
adrg_BU2,-14.7817,1.061,-13.926,0,-16.862,-12.701
adrg_BW1,-14.7454,1.593,-9.258,0,-17.867,-11.624
adrg_JR1,-14.7414,0.995,-14.81,0,-16.692,-12.791
adrg_BK1,-14.7182,0.653,-22.555,0,-15.997,-13.439
adrg_ND1,-14.6886,0.228,-64.32,0,-15.136,-14.241
adrg_OB2,-14.6865,0.234,-62.812,0,-15.145,-14.228
adrg_OD1,-14.6653,1.559,-9.405,0,-17.722,-11.609
adrg_HC2,-14.599,0.923,-15.819,0,-16.408,-12.79
adrg_NC1,-14.5789,0.211,-69.127,0,-14.992,-14.166
adrg_RA3,-14.5299,2.154,-6.744,0,-18.753,-10.307
adrg_FT2,-14.5033,0.265,-54.701,0,-15.023,-13.984
adrg_VB1,-14.4211,0.494,-29.21,0,-15.389,-13.453
adrg_LS2,-14.3961,1.811,-7.951,0,-17.945,-10.847
adrg_FW1,-14.3692,0.617,-23.296,0,-15.578,-13.16
adrg_OZ1,-14.3619,0.175,-81.854,0,-14.706,-14.018
adrg_MR1,-14.3322,0.639,-22.413,0,-15.586,-13.079
adrg_PT1,-14.2909,0.287,-49.806,0,-14.853,-13.729
adrg_GV2,-14.2786,0.677,-21.104,0,-15.605,-12.953
adrg_UR1,-14.2526,2.358,-6.044,0,-18.874,-9.631
adrg_WS1,-14.2347,3.341,-4.26,0,-20.784,-7.686
adrg_NB1,-14.2132,0.375,-37.855,0,-14.949,-13.477
adrg_VZ1,-14.1707,0.8,-17.704,0,-15.739,-12.602
adrg_NR1,-14.1402,0.434,-32.614,0,-14.99,-13.29
adrg_IH2,-14.1115,0.442,-31.918,0,-14.978,-13.245
adrg_LA1,-14.0704,0.394,-35.704,0,-14.843,-13.298
adrg_RT1,-14.07,0.623,-22.592,0,-15.291,-12.849
adrg_EB2,-14.0684,0.95,-14.807,0,-15.931,-12.206
adrg_RK1,-14.0662,2.486,-5.657,0,-18.939,-9.193
adrg_FS2,-14.0487,0.215,-65.206,0,-14.471,-13.626
adrg_NJ1,-13.9958,0.723,-19.367,0,-15.412,-12.579
adrg_QB1,-13.9923,0.625,-22.389,0,-15.217,-12.767
adrg_PT2,-13.98,0.367,-38.109,0,-14.699,-13.261
adrg_FS1,-13.9725,0.66,-21.173,0,-15.266,-12.679
adrg_HC4,-13.9704,0.348,-40.122,0,-14.653,-13.288
adrg_HS2,-13.9113,0.655,-21.227,0,-15.196,-12.627
adrg_IH3,-13.8321,0.645,-21.46,0,-15.095,-12.569
adrg_LC1,-13.8291,0.272,-50.82,0,-14.362,-13.296
adrg_LE1,-13.8185,0.312,-44.244,0,-14.431,-13.206
adrg_ZR1,-13.7884,1.868,-7.38,0,-17.45,-10.126
adrg_MC1,-13.7594,0.38,-36.236,0,-14.504,-13.015
adrg_FU3,-13.7365,0.527,-26.076,0,-14.769,-12.704
adrg_HD1,-13.6656,2.822,-4.843,0,-19.196,-8.135
adrg_FF2,-13.6616,1.415,-9.653,0,-16.436,-10.888
adrg_DB1,-13.6378,1.671,-8.161,0,-16.913,-10.362
adrg_GX1,-13.5575,0.693,-19.571,0,-14.915,-12.2
adrg_HC1,-13.5474,3.045,-4.448,0,-19.516,-7.578
adrg_DG3,-13.5334,1.354,-9.992,0,-16.188,-10.879
adrg_OB1,-13.4752,0.807,-16.693,0,-15.057,-11.893
adrg_ZB1,-13.4652,2.489,-5.41,0,-18.343,-8.587
adrg_GC3,-13.4398,0.57,-23.587,0,-14.557,-12.323
adrg_DS1,-13.4166,0.639,-20.997,0,-14.669,-12.164
adrg_JC1,-13.3579,1.187,-11.255,0,-15.684,-11.032
adrg_LB1,-13.354,0.318,-42.028,0,-13.977,-12.731
adrg_TT2,-13.3443,4.3,-3.103,0.002,-21.773,-4.915
adrg_NE1,-13.3231,0.31,-43.003,0,-13.93,-12.716
adrg_BV2,-13.3193,1.215,-10.963,0,-15.701,-10.938
adrg_GB3,-13.3174,0.399,-33.393,0,-14.099,-12.536
adrg_OU1,-13.3166,0.784,-16.996,0,-14.852,-11.781
adrg_TT1,-13.2862,3.332,-3.988,0,-19.816,-6.756
adrg_WJ1,-13.2539,0.606,-21.889,0,-14.441,-12.067
adrg_IT2,-13.2519,0.287,-46.112,0,-13.815,-12.689
adrg_MA1,-13.2298,0.764,-17.321,0,-14.727,-11.733
adrg_PU1,-13.1965,0.199,-66.474,0,-13.586,-12.807
adrg_HL1,-13.1959,0.76,-17.368,0,-14.685,-11.707
adrg_OE1,-13.1665,0.329,-40.03,0,-13.811,-12.522
adrg_CZ1,-13.1249,0.41,-32.01,0,-13.929,-12.321
adrg_HV1,-13.1236,0.301,-43.62,0,-13.713,-12.534
adrg_RR2,-13.1064,1.303,-10.055,0,-15.661,-10.552
adrg_IS1,-13.0958,0.536,-24.452,0,-14.145,-12.046
adrg_JD1,-13.0626,0.867,-15.062,0,-14.762,-11.363
adrg_DK1,-13.0457,2.071,-6.301,0,-17.104,-8.987
adrg_VS1,-13.0339,2.248,-5.797,0,-17.441,-8.627
adrg_XS1,-13.0154,0.71,-18.329,0,-14.407,-11.624
adrg_WB1,-13,1.762,-7.378,0,-16.454,-9.546
adrg_EU1,-12.9686,0.282,-46.052,0,-13.521,-12.417
adrg_DF1,-12.7792,1.715,-7.454,0,-16.14,-9.419
adrg_CD1,-12.7721,1.108,-11.527,0,-14.944,-10.6
adrg_FR2,-12.7573,0.227,-56.29,0,-13.202,-12.313
adrg_KV1,-12.7305,1.81,-7.032,0,-16.279,-9.182
adrg_RW2,-12.721,0.515,-24.717,0,-13.73,-11.712
adrg_FV1,-12.6763,1.13,-11.216,0,-14.891,-10.461
adrg_OT1,-12.644,0.655,-19.296,0,-13.928,-11.36
adrg_FW2,-12.6407,0.496,-25.463,0,-13.614,-11.668
adrg_IR5,-12.5843,2.069,-6.083,0,-16.639,-8.529
adrg_OC2,-12.5705,1.528,-8.228,0,-15.565,-9.576
adrg_PR2,-12.5704,0.789,-15.935,0,-14.117,-11.024
adrg_HC3,-12.4745,0.34,-36.694,0,-13.141,-11.808
adrg_LD1,-12.4113,0.678,-18.308,0,-13.74,-11.083
adrg_LW1,-12.3518,0.219,-56.486,0,-12.78,-11.923
adrg_DR1,-12.2284,0.579,-21.108,0,-13.364,-11.093
adrg_LZ1,-12.2114,0.424,-28.79,0,-13.043,-11.38
adrg_PR1,-12.1228,0.758,-16.004,0,-13.607,-10.638
adrg_JB2,-12.0712,0.513,-23.515,0,-13.077,-11.065
adrg_BV3,-12.0456,1.022,-11.789,0,-14.048,-10.043
adrg_PS1,-11.922,2.486,-4.795,0,-16.795,-7.049
adrg_DL1,-11.8865,1.867,-6.366,0,-15.546,-8.227
adrg_IK1,-11.8792,5.27,-2.254,0.024,-22.208,-1.55
adrg_ZR2,-11.8326,0.928,-12.745,0,-13.652,-10.013
adrg_LS1,-11.8018,0.341,-34.579,0,-12.471,-11.133
adrg_RW1,-11.7958,0.343,-34.35,0,-12.469,-11.123
adrg_ZJ1,-11.7745,1.271,-9.262,0,-14.266,-9.283
adrg_WR1,-11.7358,0.818,-14.341,0,-13.34,-10.132
adrg_NZ1,-11.6706,0.351,-33.261,0,-12.358,-10.983
adrg_VC1,-11.6202,0.746,-15.581,0,-13.082,-10.159
adrg_OD2,-11.5041,1.996,-5.763,0,-15.417,-7.592
adrg_GZ1,-11.4668,0.258,-44.391,0,-11.973,-10.96
adrg_HT1,-11.4567,1.083,-10.575,0,-13.58,-9.333
adrg_IZ1,-11.4552,0.542,-21.143,0,-12.517,-10.393
adrg_BR3,-11.4299,0.334,-34.221,0,-12.085,-10.775
adrg_PC1,-11.3696,1.928,-5.898,0,-15.148,-7.591
adrg_HZ1,-11.3693,0.36,-31.608,0,-12.074,-10.664
adrg_DE1,-11.2708,0.273,-41.349,0,-11.805,-10.737
adrg_LJ1,-11.2547,0.545,-20.65,0,-12.323,-10.186
adrg_GC2,-11.2001,0.208,-53.722,0,-11.609,-10.791
adrg_JU1,-11.1962,0.32,-34.936,0,-11.824,-10.568
adrg_KF1,-11.1722,2.486,-4.494,0,-16.044,-6.3
adrg_KT1,-11.1552,0.504,-22.143,0,-12.143,-10.168
adrg_GF1,-11.1336,0.922,-12.08,0,-12.94,-9.327
adrg_ER1,-11.104,0.224,-49.56,0,-11.543,-10.665
adrg_VR1,-11.0706,0.407,-27.172,0,-11.869,-10.272
adrg_FJ1,-11.0497,1.267,-8.72,0,-13.533,-8.566
adrg_FU1,-11.0341,0.411,-26.858,0,-11.839,-10.229
adrg_RA2,-11.0305,1.633,-6.757,0,-14.23,-7.831
adrg_QD1,-10.9778,1.074,-10.219,0,-13.083,-8.872
adrg_PV1,-10.9624,0.753,-14.551,0,-12.439,-9.486
adrg_OS2,-10.8895,0.433,-25.173,0,-11.737,-10.042
adrg_MJ1,-10.7888,0.338,-31.919,0,-11.451,-10.126
adrg_KB1,-10.7322,2.637,-4.07,0,-15.901,-5.564
adrg_SB1,-10.7061,1.201,-8.912,0,-13.061,-8.352
adrg_GV1,-10.6817,0.729,-14.65,0,-12.111,-9.253
adrg_ER2,-10.6213,1.266,-8.39,0,-13.102,-8.14
adrg_FF4,-10.5999,4.301,-2.465,0.014,-19.029,-2.17
adrg_LF1,-10.5438,0.382,-27.609,0,-11.292,-9.795
adrg_LK1,-10.4515,1.02,-10.245,0,-12.451,-8.452
adrg_JR2,-10.4388,4.3,-2.428,0.015,-18.866,-2.011
adrg_HT2,-10.4331,0.224,-46.632,0,-10.872,-9.995
adrg_MB1,-10.3174,0.356,-28.994,0,-11.015,-9.62
adrg_WB2,-10.3005,0.753,-13.685,0,-11.776,-8.825
adrg_EX2,-10.2914,0.171,-60.154,0,-10.627,-9.956
adrg_CC1,-10.2894,0.723,-14.234,0,-11.706,-8.873
adrg_DA1,-10.2861,0.564,-18.226,0,-11.392,-9.18
adrg_QJ1,-10.2813,1.56,-6.592,0,-13.338,-7.224
adrg_EK1,-10.2574,0.719,-14.261,0,-11.667,-8.848
adrg_HV2,-10.1942,1.439,-7.084,0,-13.015,-7.374
adrg_GW1,-10.1807,0.215,-47.25,0,-10.603,-9.758
adrg_CJ1,-10.1527,1.391,-7.297,0,-12.88,-7.426
adrg_QT1,-10.0842,0.292,-34.483,0,-10.657,-9.511
adrg_BV1,-10.066,0.2,-50.441,0,-10.457,-9.675
adrg_ST1,-10.0621,0.197,-51.168,0,-10.448,-9.677
adrg_JV1,-9.9443,0.483,-20.571,0,-10.892,-8.997
adrg_JD2,-9.77,0.526,-18.576,0,-10.801,-8.739
adrg_HZ2,-9.5586,0.295,-32.38,0,-10.137,-8.98
adrg_QU1,-9.5338,1.072,-8.893,0,-11.635,-7.433
adrg_XT2,-9.5236,0.517,-18.412,0,-10.537,-8.51
adrg_RE1,-9.4623,1.635,-5.786,0,-12.667,-6.257
adrg_JT1,-9.419,0.739,-12.74,0,-10.868,-7.97
adrg_DW1,-9.4144,0.449,-20.973,0,-10.294,-8.535
adrg_GD2,-9.4141,0.323,-29.185,0,-10.046,-8.782
adrg_EV1,-9.3321,0.424,-22.016,0,-10.163,-8.501
adrg_GU1,-9.291,0.188,-49.549,0,-9.659,-8.924
adrg_EK2,-9.2078,1.108,-8.309,0,-11.38,-7.036
adrg_RS1,-9.1995,0.511,-17.995,0,-10.201,-8.197
adrg_JJ1,-9.1962,0.349,-26.328,0,-9.881,-8.512
adrg_FW3,-9.1311,0.588,-15.523,0,-10.284,-7.978
adrg_DG2,-9.0897,0.337,-26.983,0,-9.75,-8.429
adrg_QS1,-9.0586,0.279,-32.47,0,-9.605,-8.512
adrg_ER3,-8.9964,0.241,-37.307,0,-9.469,-8.524
adrg_FV3,-8.9413,2.153,-4.153,0,-13.161,-4.721
adrg_LV1,-8.9065,0.318,-28.045,0,-9.529,-8.284
adrg_BT1,-8.7964,0.33,-26.629,0,-9.444,-8.149
adrg_RR1,-8.7914,0.388,-22.642,0,-9.552,-8.03
adrg_SS1,-8.5967,2.358,-3.646,0,-13.218,-3.975
adrg_EX1,-8.5054,0.244,-34.91,0,-8.983,-8.028
adrg_SU1,-8.4403,1.265,-6.67,0,-10.921,-5.96
adrg_OD3,-8.4094,0.597,-14.085,0,-9.58,-7.239
adrg_MD1,-8.3225,0.626,-13.294,0,-9.55,-7.096
adrg_JV2,-8.3002,0.698,-11.884,0,-9.669,-6.931
adrg_DE2,-8.1123,0.264,-30.725,0,-8.63,-7.595
adrg_EV2,-8.0508,0.484,-16.634,0,-8.999,-7.102
adrg_AH1,-8.0407,4.313,-1.864,0.062,-16.494,0.413
adrg_TB1,-8.0189,3.333,-2.406,0.016,-14.551,-1.487
adrg_DV1,-7.9752,0.297,-26.871,0,-8.557,-7.393
adrg_JE1,-7.9524,1.132,-7.026,0,-10.171,-5.734
adrg_FZ1,-7.8552,0.299,-26.306,0,-8.44,-7.27
adrg_DJ1,-7.752,1.173,-6.611,0,-10.05,-5.454
adrg_DC1,-7.6833,0.459,-16.735,0,-8.583,-6.783
adrg_LK2,-7.6141,1.679,-4.536,0,-10.904,-4.324
adrg_CU1,-7.5306,1.13,-6.663,0,-9.746,-5.315
adrg_EC1,-7.3841,0.219,-33.708,0,-7.813,-6.955
adrg_IZ2,-7.3418,1.413,-5.195,0,-10.112,-4.572
adrg_DZ1,-7.2699,0.449,-16.181,0,-8.15,-6.389
adrg_HU1,-7.2538,0.265,-27.361,0,-7.773,-6.734
adrg_WR2,-7.2047,0.34,-21.218,0,-7.87,-6.539
adrg_GD1,-7.1628,0.236,-30.376,0,-7.625,-6.701
adrg_SZ1,-6.8135,0.25,-27.252,0,-7.303,-6.323
adrg_DD1,-6.6953,0.613,-10.923,0,-7.897,-5.494
adrg_ES1,-6.5863,0.145,-45.405,0,-6.871,-6.302
adrg_EW1,-6.5518,0.402,-16.316,0,-7.339,-5.765
adrg_DT1,-6.5453,0.183,-35.818,0,-6.903,-6.187
adrg_QR1,-6.5375,0.345,-18.968,0,-7.213,-5.862
adrg_MZ1,-6.3383,0.334,-18.977,0,-6.993,-5.684
adrg_WZ1,-6.0616,0.282,-21.478,0,-6.615,-5.508
adrg_DG1,-6.0321,0.879,-6.866,0,-7.754,-4.31
adrg_SV1,-5.7768,0.455,-12.71,0,-6.668,-4.886
adrg_IT1,-5.6752,1.013,-5.604,0,-7.66,-3.69
adrg_LX1,-5.6597,0.677,-8.365,0,-6.986,-4.334
adrg_BT2,-5.6573,0.462,-12.233,0,-6.564,-4.751
adrg_DD2,-5.6004,0.234,-23.922,0,-6.059,-5.142
adrg_OS1,-5.5883,0.783,-7.134,0,-7.124,-4.053
adrg_IT3,-4.9471,1.215,-4.072,0,-7.328,-2.566
adrg_EJ1,-4.8523,0.246,-19.758,0,-5.334,-4.371
adrg_XT1,-4.4088,1.593,-2.768,0.006,-7.53,-1.287
adrg_EZ1,-4.2798,0.197,-21.737,0,-4.666,-3.894
adrg_ET1,-3.9915,0.163,-24.524,0,-4.311,-3.673
adrg_LU1,-3.6288,0.261,-13.894,0,-4.141,-3.117
adrg_JV4,-3.5198,0.482,-7.308,0,-4.464,-2.576
adrg_SR1,-3.3708,0.184,-18.359,0,-3.731,-3.011
adrg_DT2,-3.0212,0.313,-9.648,0,-3.635,-2.407
QKDJ1_11,-2.9375,0.212,-13.868,0,-3.353,-2.522
QKDJ1_2,-2.7583,0.095,-29.09,0,-2.944,-2.572
adrg_EW2,-2.7062,0.399,-6.778,0,-3.489,-1.924
LYFS_5,-2.5852,0.204,-12.694,0,-2.984,-2.186
QKDJ1_12,-2.4,0.189,-12.728,0,-2.77,-2.03
adrg_VT1,-2.0896,0.739,-2.829,0.005,-3.537,-0.642
LYFS_9,-1.8007,0.21,-8.562,0,-2.213,-1.388
QKDJ1_3,-1.6097,0.083,-19.343,0,-1.773,-1.447
QKDJ1_1,-1.4988,0.108,-13.928,0,-1.71,-1.288
SSCOUNT,-1.0455,0.052,-20.293,0,-1.147,-0.945
LYFS_2,-0.9856,0.257,-3.836,0,-1.489,-0.482
QKDJ1_13,-0.891,0.307,-2.901,0.004,-1.493,-0.289
LYFS_4,-0.7525,0.179,-4.209,0,-1.103,-0.402
grade_3,-0.5329,0.076,-7.056,0,-0.681,-0.385
JBCOUNT,-0.3136,0.014,-22.283,0,-0.341,-0.286
adrg_AG2,-3.71E-13,7.39E-14,-5.017,0,-5.16E-13,-2.26E-13
adrg_TU1,-3.32E-15,3.33E-15,-0.998,0.318,-9.85E-15,3.20E-15
adrg_YR2,-3.22E-16,1.19E-15,-0.27,0.787,-2.66E-15,2.01E-15
QKYHLB1_6,1.50E-17,5.52E-16,0.027,0.978,-1.07E-15,1.10E-15
QKYHLB1_5,2.95E-16,1.70E-15,0.173,0.862,-3.04E-15,3.62E-15
adrg_FC1,5.06E-14,1.55E-14,3.273,0.001,2.03E-14,8.09E-14
adrg_AG1,5.11E-13,7.43E-14,6.88,0,3.66E-13,6.57E-13
SJZYTS,0.0802,0.003,30.151,0,0.075,0.085
NL,0.5586,0.009,59.216,0,0.54,0.577
QKDJ1_10,2.4348,0.904,2.692,0.007,0.662,4.207
QKYHLB1_9,3.2275,0.324,9.949,0,2.592,3.863
QKYHLB1_4,3.9906,0.35,11.391,0,3.304,4.677
Intercept,20.7055,0.139,149.314,0,20.434,20.977
